<?xml version="1.0" encoding="UTF-8"?>
<project-private xmlns="http://www.netbeans.org/ns/project-private/1">
    <editor-bookmarks xmlns="http://www.netbeans.org/ns/editor-bookmarks/2" lastBookmarkId="0"/>
    <open-files xmlns="http://www.netbeans.org/ns/projectui-open-files/2">
        <group>
            <file>file:/C:/Users/User/MPLABXProjects/Thermocouple_Interfacing.X/PIC18F4550_ADC_Source_File.c</file>
            <file>file:/C:/Users/User/MPLABXProjects/Thermocouple_Interfacing.X/LCD_16x2_8-bit_Header_File.h</file>
            <file>file:/C:/Users/User/MPLABXProjects/Thermocouple_Interfacing.X/LCD_16x2.c</file>
            <file>file:/C:/Users/User/MPLABXProjects/Thermocouple_Interfacing.X/thermocouple_temperature_sensing.c</file>
        </group>
    </open-files>
</project-private>
