<?xml version="1.0" encoding="UTF-8"?>
<project-private xmlns="http://www.netbeans.org/ns/project-private/1">
    <editor-bookmarks xmlns="http://www.netbeans.org/ns/editor-bookmarks/2" lastBookmarkId="0"/>
    <open-files xmlns="http://www.netbeans.org/ns/projectui-open-files/2">
        <group>
            <file>file:/D:/PIC_Interface/PIC_ESP8266_WiFi.X/PIC_ESP8266_WiFi.c</file>
            <file>file:/D:/PIC_Interface/PIC_ESP8266_WiFi.X/USART_Header_File.h</file>
            <file>file:/D:/PIC_Interface/PIC_ESP8266_WiFi.X/USART_Source_File.c</file>
        </group>
    </open-files>
</project-private>
