<?xml version="1.0" encoding="UTF-8"?>
<project-private xmlns="http://www.netbeans.org/ns/project-private/1">
    <editor-bookmarks xmlns="http://www.netbeans.org/ns/editor-bookmarks/2" lastBookmarkId="0"/>
    <open-files xmlns="http://www.netbeans.org/ns/projectui-open-files/2">
        <group>
            <file>file:/C:/Users/Shubh/MPLABXProjects/RTC_Write_time_date.X/PIC18F4550_I2C_Source_File.c</file>
            <file>file:/C:/Users/Shubh/MPLABXProjects/RTC_Write_time_date.X/I2C_Master_File.h</file>
            <file>file:/C:/Users/Shubh/MPLABXProjects/RTC_Write_time_date.X/Write_time_date.c</file>
            <file>file:/C:/Users/Shubh/MPLABXProjects/RTC_Write_time_date.X/Configuration_Header_File.h</file>
        </group>
    </open-files>
</project-private>
