<?xml version="1.0" encoding="UTF-8"?>
<project-private xmlns="http://www.netbeans.org/ns/project-private/1">
    <editor-bookmarks xmlns="http://www.netbeans.org/ns/editor-bookmarks/2" lastBookmarkId="0"/>
    <open-files xmlns="http://www.netbeans.org/ns/projectui-open-files/2">
        <group>
            <file>file:/C:/Users/EW/Google%20Drive/EW%20Content/PIC/PIC_development/3_PIC_Inside/3_PIC18F4550_USART/Source%20Code%20Files/USART_Transmit_Char.X/Configuration_Header_File.h</file>
            <file>file:/C:/Users/EW/Google%20Drive/EW%20Content/PIC/PIC_development/3_PIC_Inside/3_PIC18F4550_USART/Source%20Code%20Files/USART_Transmit_Char.X/Transmit_Char.c</file>
        </group>
    </open-files>
</project-private>
