<?xml version="1.0" encoding="UTF-8"?>
<project-private xmlns="http://www.netbeans.org/ns/project-private/1">
    <editor-bookmarks xmlns="http://www.netbeans.org/ns/editor-bookmarks/2" lastBookmarkId="0"/>
    <open-files xmlns="http://www.netbeans.org/ns/projectui-open-files/2">
        <group>
            <file>file:/C:/Users/User/Downloads/PIC18F4550%20RFID%20Interface%20Project%20File/RFID_Interface.X/RFID.c</file>
            <file>file:/C:/Users/User/Downloads/PIC18F4550%20RFID%20Interface%20Project%20File/RFID_Interface.X/LCD_16x2.c</file>
            <file>file:/C:/Users/User/Downloads/PIC18F4550%20RFID%20Interface%20Project%20File/RFID_Interface.X/LCD_16x2_8-bit_Header_File.h</file>
            <file>file:/C:/Users/User/Downloads/PIC18F4550%20RFID%20Interface%20Project%20File/RFID_Interface.X/USART_Header_File.h</file>
            <file>file:/C:/Users/User/Downloads/PIC18F4550%20RFID%20Interface%20Project%20File/RFID_Interface.X/USART_Source_File.c</file>
        </group>
    </open-files>
</project-private>
