<?xml version="1.0" encoding="UTF-8"?>
<project-private xmlns="http://www.netbeans.org/ns/project-private/1">
    <editor-bookmarks xmlns="http://www.netbeans.org/ns/editor-bookmarks/2" lastBookmarkId="0"/>
    <open-files xmlns="http://www.netbeans.org/ns/projectui-open-files/2">
        <group>
            <file>file:/C:/Users/Shubh/MPLABXProjects/Nokia5110_Image.X/Microchip_Image.c</file>
            <file>file:/C:/Users/Shubh/MPLABXProjects/Nokia5110_Image.X/SPI_Source_File.c</file>
            <file>file:/C:/Users/Shubh/MPLABXProjects/Nokia5110_Image.X/display_image.c</file>
            <file>file:/C:/Users/Shubh/MPLABXProjects/Nokia5110_Image.X/Configuration_Header_File.h</file>
            <file>file:/C:/Users/Shubh/MPLABXProjects/Nokia5110_Image.X/Microchip_Image.h</file>
            <file>file:/C:/Users/Shubh/MPLABXProjects/Nokia5110_Image.X/SPI_Header_File.h</file>
        </group>
    </open-files>
</project-private>
