<?xml version="1.0" encoding="UTF-8"?>
<project-private xmlns="http://www.netbeans.org/ns/project-private/1">
    <editor-bookmarks xmlns="http://www.netbeans.org/ns/editor-bookmarks/2" lastBookmarkId="0"/>
    <open-files xmlns="http://www.netbeans.org/ns/projectui-open-files/2">
        <group>
            <file>file:/C:/Users/User/MPLABXProjects/GPS_Information.X/LCD_20x4_H_file.h</file>
            <file>file:/C:/Users/User/MPLABXProjects/GPS_Information.X/USART_Header_File.h</file>
            <file>file:/C:/Users/User/MPLABXProjects/GPS_Information.X/GPS_info.c</file>
            <file>file:/C:/Users/User/MPLABXProjects/GPS_Information.X/LCD_20x4_C_file.c</file>
        </group>
    </open-files>
</project-private>
