<?xml version="1.0" encoding="UTF-8"?>
<project-private xmlns="http://www.netbeans.org/ns/project-private/1">
    <editor-bookmarks xmlns="http://www.netbeans.org/ns/editor-bookmarks/2" lastBookmarkId="0"/>
    <open-files xmlns="http://www.netbeans.org/ns/projectui-open-files/2">
        <group>
            <file>file:/C:/Users/Shubh/MPLABXProjects/LCD_custom_character.X/Configuration_Header_File.h</file>
            <file>file:/C:/Users/Shubh/MPLABXProjects/LCD_custom_character.X/Custom%20charater.c</file>
        </group>
    </open-files>
</project-private>
